code;name;description;cost;nit_restaurant
48562458421;Ogdan;Health Care;101.52;1002852648
48562458419;Patric;Consumer Durables;102.29;1002852648
48562458417;Dillon;Finance;76.47;1002852649
48562458415;Aldus;Technology;40.57;1002852649
48562458413;Nicolai;Health Care;41.20;1002852650
48562458411;Tome;Consumer Durables;81.14;1002852650
48562458409;Augie;n/a;53.66;1002852651
48562458407;Harald;Consumer Durables;160.59;1002852651
48562458405;Randy;n/a;29.36;1002852652
48562458403;Robinet;Energy;17.49;1002852652
48562458401;Emerson;n/a;28.19;1002852653
48562458399;Llywellyn;n/a;23.30;1002852653
48562458397;Colman;Consumer Services;3.67;1002852654
48562458395;Rurik;Consumer Services;42.19;1002852654
48562458393;Isacco;n/a;125.76;1002852655
48562458391;Izaak;Finance;45.58;1002852655
48562458389;Flint;Miscellaneous;182.68;1002852656
48562458387;Bobby;Finance;75.52;1002852656
48562458385;Peadar;Miscellaneous;147.08;1002852657
48562458383;Madison;Public Utilities;180.88;1002852657
48562458381;Daven;Public Utilities;127.04;1002852658
48562458379;Price;Miscellaneous;131.86;1002852658
48562458377;Brewster;Technology;83.73;1002852659
48562458375;Boris;n/a;39.17;1002852659
48562458373;Willi;Energy;93.89;1002852660
48562458371;Barclay;Health Care;56.97;1002852660
48562458369;Ulysses;n/a;158.50;1002852661
48562458367;Isidor;Technology;55.81;1002852661
48562458365;Kendrick;Finance;193.36;1002852662
48562458363;Earvin;Finance;89.24;1002852662
48562458361;Tye;Capital Goods;158.05;1002852663
48562458359;Arri;n/a;27.79;1002852663
48562458357;Hersch;n/a;68.35;1002852664
48562458355;Bond;Finance;61.47;1002852664
48562458353;Dudley;Capital Goods;39.27;1002852665
48562458351;Gaylor;Basic Industries;159.38;1002852665
48562458349;Fredek;Capital Goods;193.38;1002852666
48562458347;Devland;n/a;0.05;1002852666
48562458345;Matthias;Consumer Services;191.72;1002852667
48562458343;Mac;n/a;166.32;1002852667
48562458341;Husain;Technology;25.77;1002852668
48562458339;Marchall;Basic Industries;161.27;1002852668
48562458337;Hillary;Consumer Services;44.15;1002852669
48562458335;Boyd;Consumer Services;164.66;1002852669
48562458333;Gerardo;Technology;177.39;1002852670
48562458331;Gherardo;Finance;165.34;1002852670
48562458329;Ara;n/a;148.90;1002852671
48562458327;Free;Health Care;39.18;1002852671
48562458325;Winfield;Energy;17.98;1002852672
48562458323;Tiler;Consumer Non-Durables;171.40;1002852672
48562458321;Burlie;Finance;154.18;1002852673
48562458319;Alphonso;Technology;186.56;1002852673
48562458317;Cassie;Health Care;116.87;1002852674
48562458315;Parrnell;Public Utilities;56.72;1002852674
48562458313;Osborne;Consumer Services;141.21;1002852675
48562458311;Rourke;Consumer Services;116.23;1002852675
48562458309;Rabbi;n/a;83.88;1002852676
48562458307;Land;n/a;13.19;1002852676
48562458305;Zed;Technology;136.43;1002852677
48562458303;Caleb;Finance;51.57;1002852677
48562458301;Benson;n/a;20.88;1002852678
48562458299;Leeland;Public Utilities;92.34;1002852678
48562458297;Rolf;Capital Goods;193.23;1002852679
48562458295;Robinet;n/a;84.89;1002852679
48562458293;Wilburt;n/a;81.30;1002852680
48562458291;Bent;n/a;7.74;1002852680
48562458289;Ramon;Energy;151.37;1002852681
48562458287;Sherwood;n/a;110.95;1002852681
48562458285;Nicolais;Consumer Services;66.17;1002852682
48562458283;Courtnay;n/a;42.63;1002852682
48562458281;Arie;n/a;86.64;1002852683
48562458279;Martie;Health Care;194.07;1002852683
48562458277;Jimmie;Public Utilities;15.37;1002852684
48562458275;Ramsay;Public Utilities;11.62;1002852684
48562458273;Lemmy;Public Utilities;120.19;1002852685
48562458271;Penny;Consumer Non-Durables;80.38;1002852685
48562458269;Barnaby;Finance;152.03;1002852686
48562458267;Raoul;n/a;153.34;1002852686
48562458265;Massimiliano;Consumer Durables;85.15;1002852687
48562458263;Vaclav;Consumer Services;31.22;1002852687
48562458261;Melvyn;n/a;5.27;1002852688
48562458259;Jared;n/a;173.02;1002852688
48562458257;Kayne;Health Care;134.33;1002852689
48562458255;Hal;Technology;59.51;1002852689
48562458253;Yvor;Finance;52.52;1002852690
48562458251;Eldin;Energy;67.06;1002852690
48562458249;Farrell;n/a;92.01;1002852691
48562458247;Christos;n/a;112.47;1002852691
48562458245;Nealy;Energy;162.60;1002852692
48562458243;Donall;Transportation;14.50;1002852692
48562458241;Bob;n/a;193.19;1002852693
48562458239;Sully;Public Utilities;22.07;1002852693
48562458237;Bren;n/a;196.56;1002852694
48562458235;Broddy;Basic Industries;50.17;1002852694
48562458233;Marlow;n/a;0.75;1002852695
48562458231;Dermot;n/a;17.68;1002852695
48562458229;Emmett;n/a;153.30;1002852696
48562458227;Johnnie;Public Utilities;185.88;1002852696
48562458225;Carlin;Consumer Non-Durables;22.85;1002852697
48562458223;Averill;Health Care;85.65;1002852697
48562458221;Amerigo;Consumer Services;122.63;1002852698
48562458219;Gabriello;Energy;27.82;1002852698
48562458217;Jamaal;Consumer Services;66.12;1002852699
48562458215;Magnum;n/a;75.34;1002852699
48562458213;Salvatore;n/a;55.86;1002852700
48562458211;Noble;Capital Goods;168.83;1002852700
48562458209;Ariel;Health Care;0.61;1002852701
48562458207;Ky;Consumer Services;190.06;1002852701
48562458205;Titus;Basic Industries;35.81;1002852702
48562458203;Gregor;Finance;173.57;1002852702
48562458201;Jamison;Capital Goods;125.19;1002852703
48562458199;Shep;Health Care;79.33;1002852703
48562458197;Georg;Health Care;80.71;1002852704
48562458195;Dorian;Finance;182.29;1002852704
48562458193;Smith;Technology;121.19;1002852705
48562458191;Fonz;Miscellaneous;126.27;1002852705
48562458189;Kevon;n/a;72.93;1002852706
48562458187;Demetre;Capital Goods;131.92;1002852706
48562458185;Gino;Finance;137.50;1002852707
48562458183;Urson;Finance;27.74;1002852707
48562458181;Lorens;Technology;99.77;1002852708
48562458179;Markus;Consumer Services;163.80;1002852708
48562458177;Edgard;n/a;33.21;1002852709
48562458175;Tybalt;Finance;49.21;1002852709
48562458173;Cyrus;Consumer Services;62.01;1002852710
48562458171;Xerxes;Finance;61.01;1002852710
48562458169;Keane;Finance;39.00;1002852711
48562458167;Bary;Finance;150.88;1002852711
48562458165;Bradly;Finance;85.21;1002852712
48562458163;Alanson;Health Care;168.15;1002852712
48562458161;Kienan;Health Care;12.29;1002852713
48562458159;Levin;Technology;71.75;1002852713
48562458157;Rockwell;Health Care;71.59;1002852714
48562458155;Antonio;n/a;0.49;1002852714
48562458153;Kelwin;Public Utilities;139.27;1002852715
48562458151;Ogden;Health Care;144.14;1002852715
48562458149;Georgie;Technology;141.85;1002852716
48562458147;Peirce;n/a;163.02;1002852716
48562458145;Cordell;Finance;91.44;1002852717
48562458143;Kenyon;n/a;39.59;1002852717
48562458141;Dewie;Finance;152.44;1002852718
48562458139;Leeland;Miscellaneous;122.05;1002852718
48562458137;Panchito;Capital Goods;20.27;1002852719
48562458135;Germayne;Capital Goods;4.95;1002852719
48562458133;Saw;Health Care;198.16;1002852720
48562458131;Barny;Health Care;14.95;1002852720
48562458129;Guilbert;Energy;2.44;1002852721
48562458127;Corty;n/a;41.05;1002852721
48562458125;Ignacio;Finance;48.42;1002852722
48562458123;Rhys;Consumer Services;9.87;1002852722
48562458121;Windham;Basic Industries;42.56;1002852723
48562458119;Barbabas;Consumer Services;149.25;1002852723
48562458117;Jerome;Finance;140.38;1002852724
48562458115;Christie;n/a;66.26;1002852724
48562458113;Nicolas;Public Utilities;174.72;1002852725
48562458111;Harp;n/a;141.87;1002852725
48562458109;Jerrome;Technology;105.05;1002852726
48562458107;Danny;Consumer Services;132.22;1002852726
48562458105;Derwin;Health Care;174.15;1002852727
48562458103;Carver;Basic Industries;64.72;1002852727
48562458101;Niles;Consumer Services;74.04;1002852728
48562458099;Chaunce;Consumer Durables;91.46;1002852728
48562458097;Georgi;Finance;99.86;1002852729
48562458095;Terrance;Basic Industries;25.49;1002852729
48562458093;Lanny;Finance;130.90;1002852730
48562458091;Ellwood;Finance;122.06;1002852730
48562458089;Hugibert;Consumer Services;185.74;1002852731
48562458087;Aloin;Health Care;143.55;1002852731
48562458085;Penny;Health Care;39.44;1002852732
48562458083;Morey;n/a;16.68;1002852732
48562458081;Des;Technology;96.59;1002852733
48562458079;Lindsey;Technology;115.45;1002852733
48562458077;Ashlin;Finance;110.55;1002852734
48562458075;Gothart;Finance;31.68;1002852734
48562458073;Simone;Consumer Non-Durables;120.68;1002852735
48562458071;Callean;Technology;15.83;1002852735
48562458069;Isaac;Public Utilities;131.70;1002852736
48562458067;Jan;Technology;99.35;1002852736
48562458065;Dwayne;n/a;158.95;1002852737
48562458063;Edan;Finance;147.70;1002852737
48562458061;Duncan;Technology;130.77;1002852738
48562458059;Norbert;n/a;4.08;1002852738
48562458057;Ned;Technology;27.39;1002852739
48562458055;Edwin;n/a;67.35;1002852739
48562458053;Friedrich;Consumer Services;83.40;1002852740
48562458051;Wilhelm;n/a;162.69;1002852740
48562458049;Oran;n/a;103.42;1002852741
48562458047;Emory;Basic Industries;69.58;1002852741
48562458045;Zachary;Health Care;165.51;1002852742
48562458043;Si;Consumer Services;81.78;1002852742
48562458041;Ambrosio;n/a;191.21;1002852743
48562458039;Horton;Consumer Services;50.00;1002852743
48562458037;Ambrosius;Health Care;123.97;1002852744
48562458035;Richie;Energy;158.42;1002852744
48562458033;Brandon;Consumer Services;139.31;1002852745
48562458031;Sergei;n/a;114.84;1002852745
48562458029;Cedric;Health Care;163.39;1002852746
48562458027;Lindsay;n/a;95.19;1002852746
48562458025;Brade;Basic Industries;169.66;1002852747
48562458023;Tyson;Consumer Services;14.85;1002852747
48562458021;Thebault;Finance;74.70;1002852748
48562458019;Joaquin;Miscellaneous;111.48;1002852748
48562458017;Porter;n/a;181.60;1002852749
48562458015;Joey;Finance;92.52;1002852749
48562458013;Hanan;Technology;68.06;1002852750
48562458011;Sergei;Transportation;136.22;1002852750
48562458009;Silvio;Consumer Services;146.60;1002852751
48562458007;Matthias;Consumer Services;91.37;1002852751
48562458005;Pooh;Consumer Services;146.28;1002852752
48562458003;Galvin;Consumer Services;168.78;1002852752
48562458001;Zedekiah;Consumer Services;4.64;1002852753
48562457999;Randi;Health Care;103.68;1002852753
48562457997;Jermayne;Basic Industries;18.27;1002852754
48562457995;Isidor;Technology;170.68;1002852754
48562457993;Iver;Basic Industries;139.78;1002852755
48562457991;Vasilis;n/a;78.33;1002852755
48562457989;Riley;Finance;189.31;1002852756
48562457987;Julius;Consumer Services;168.57;1002852756
48562457985;Hasheem;Technology;84.30;1002852757
48562457983;Nikolaus;Technology;38.61;1002852757
48562457981;Kinny;n/a;2.65;1002852758
48562457979;Slade;Technology;119.07;1002852758
48562457977;Layton;Finance;79.45;1002852759
48562457975;Gib;n/a;18.66;1002852759
48562457973;Hayward;n/a;66.92;1002852760
48562457971;Sigismund;Finance;122.33;1002852760
48562457969;Collin;n/a;52.74;1002852761
48562457967;Bud;n/a;98.43;1002852761
48562457965;Osbert;Energy;83.65;1002852762
48562457963;Torin;Finance;185.74;1002852762
48562457961;Pat;Consumer Services;139.62;1002852763
48562457959;Gianni;Finance;105.52;1002852763
48562457957;Rudd;n/a;125.23;1002852764
48562457955;Caldwell;n/a;119.14;1002852764
48562457953;Edgar;Technology;162.92;1002852765
48562457951;Pietrek;Health Care;126.77;1002852765
48562457949;Hazlett;Technology;95.05;1002852766
48562457947;Darnall;Technology;114.22;1002852766
48562457945;Weidar;Basic Industries;90.18;1002852767
48562457943;Jimmy;Consumer Services;27.98;1002852767
48562457941;Wendall;Finance;66.62;1002852768
48562457939;Keven;Energy;143.53;1002852768
48562457937;Wat;n/a;184.31;1002852769
48562457935;Seth;Consumer Services;4.46;1002852769
48562457933;Geordie;n/a;5.27;1002852770
48562457931;Orlan;Finance;31.82;1002852770
48562457929;Hubie;Health Care;68.52;1002852771
48562457927;Hercule;Public Utilities;157.16;1002852771
48562457925;Seward;Finance;37.15;1002852772
48562457923;Egbert;Energy;194.01;1002852772
48562457921;Gun;n/a;125.71;1002852773
48562457919;Constantino;n/a;18.37;1002852773
48562457917;Neel;Capital Goods;157.64;1002852774
48562457915;Terry;Consumer Services;132.78;1002852774
48562457913;Isadore;Technology;185.99;1002852775
48562457911;Iorgo;Technology;173.18;1002852775
48562457909;Fletch;Basic Industries;14.45;1002852776
48562457907;Chrissy;Consumer Services;150.18;1002852776
48562457905;Farr;Consumer Services;157.93;1002852777
48562457903;Jed;Finance;6.39;1002852777
48562457901;Aubrey;Finance;78.65;1002852778
48562457899;Lorin;Health Care;180.84;1002852778
48562457897;Adams;Basic Industries;177.78;1002852779
48562457895;Vic;Capital Goods;114.62;1002852779
48562457893;Dwight;Transportation;10.85;1002852780
48562457891;Carlin;Technology;88.15;1002852780
48562457889;Shurwood;Finance;83.62;1002852781
48562457887;Major;Consumer Services;70.69;1002852781
48562457885;Ingmar;n/a;73.64;1002852782
48562457883;Marven;Energy;64.25;1002852782
48562457881;Kellen;Transportation;20.99;1002852783
48562457879;Yulma;Finance;21.82;1002852783
48562457877;Kipp;Capital Goods;26.88;1002852784
48562457875;Taite;Consumer Services;194.10;1002852784
48562457873;Giorgio;Technology;167.86;1002852785
48562457871;Asher;Technology;99.75;1002852785
48562457869;Robin;Finance;38.48;1002852786
48562457867;Ramsey;Capital Goods;179.23;1002852786
48562457865;Averil;n/a;132.78;1002852787
48562457863;Christos;Consumer Services;29.10;1002852787
48562457861;Harcourt;Health Care;96.93;1002852788
48562457859;Eugenius;Health Care;54.91;1002852788
48562457857;Ax;Technology;84.08;1002852789
48562457855;Rolf;Finance;18.72;1002852789
48562457853;Haley;Consumer Durables;113.25;1002852790
48562457851;Wells;Energy;11.00;1002852790
48562457849;Gareth;Consumer Non-Durables;110.57;1002852791
48562457847;Ossie;Technology;125.34;1002852791
48562457845;Dene;n/a;142.94;1002852792
48562457843;Hurleigh;Consumer Services;9.90;1002852792
48562457841;Alyosha;Finance;50.23;1002852793
48562457839;Husein;Technology;73.23;1002852793
48562457837;Mack;n/a;125.13;1002852794
48562457835;Packston;n/a;6.27;1002852794
48562457833;Ellswerth;Consumer Services;12.79;1002852795
48562457831;Regen;Health Care;38.69;1002852795
48562457829;Felizio;n/a;194.82;1002852796
48562457827;Ethelred;Miscellaneous;67.99;1002852796
48562457825;Lancelot;n/a;119.57;1002852797
48562457823;Cointon;Finance;85.51;1002852797
48562457821;Sibyl;n/a;183.23;1002852798
48562457819;Travis;Health Care;138.64;1002852798
48562457817;Gerome;Finance;0.92;1002852799
48562457815;Martainn;Health Care;13.66;1002852799
48562457813;Zacharias;Technology;143.60;1002852800
48562457811;Derek;n/a;165.70;1002852800
48562457809;Goraud;Capital Goods;118.88;1002852801
48562457807;Nels;n/a;114.63;1002852801
48562457805;Ervin;Finance;10.06;1002852802
48562457803;Felipe;Health Care;31.85;1002852802
48562457801;Phineas;Consumer Services;53.56;1002852803
48562457799;Brice;n/a;28.18;1002852803
48562457797;Tobie;Finance;77.17;1002852804
48562457795;Sonnie;Finance;178.54;1002852804
48562457793;Ingemar;Consumer Durables;15.72;1002852805
48562457791;Del;Capital Goods;58.84;1002852805
48562457789;Virgil;Consumer Non-Durables;196.80;1002852806
48562457787;Flory;Technology;176.62;1002852806
48562457785;Whitney;Finance;53.56;1002852807
48562457783;Sauncho;Public Utilities;179.26;1002852807
48562457781;Dan;Finance;70.43;1002852808
48562457779;Alf;n/a;193.36;1002852808
48562457777;Perceval;Capital Goods;90.69;1002852809
48562457775;Ariel;Health Care;192.68;1002852809
48562457773;Nester;Public Utilities;31.34;1002852810
48562457771;Jayson;Health Care;181.83;1002852810
48562457769;Skell;Consumer Services;133.87;1002852811
48562457767;Iorgo;n/a;89.52;1002852811
48562457765;Claiborn;Technology;118.26;1002852812
48562457763;Noble;n/a;156.17;1002852812
48562457761;Stan;Technology;185.00;1002852813
48562457759;Robin;Technology;30.97;1002852813
48562457757;Jack;n/a;119.20;1002852814
48562457755;Jud;Miscellaneous;176.85;1002852814
48562457753;Reagan;Capital Goods;11.99;1002852815
48562457751;Bradley;Consumer Non-Durables;161.09;1002852815
48562457749;Natal;Finance;54.03;1002852816
48562457747;Benn;Public Utilities;84.34;1002852816
48562457745;Eberto;Technology;80.96;1002852817
48562457743;Isaiah;n/a;101.66;1002852817
48562457741;Cosme;Public Utilities;190.50;1002852818
48562457739;Westbrook;Miscellaneous;130.73;1002852818
48562457737;Stanfield;Health Care;78.44;1002852819
48562457735;Silvanus;Consumer Services;141.23;1002852819
48562457733;Berke;n/a;62.27;1002852820
48562457731;Erl;Consumer Services;12.03;1002852820
48562457729;Dallon;Basic Industries;131.58;1002852821
48562457727;Pennie;Consumer Services;100.44;1002852821
48562457725;Chick;Public Utilities;104.36;1002852822
48562457723;Emmet;Finance;131.29;1002852822
48562457721;Thaxter;Health Care;144.88;1002852823
48562457719;Neil;Finance;44.69;1002852823
48562457717;Greg;Finance;31.45;1002852824
48562457715;Marcelo;Consumer Services;18.50;1002852824
48562457713;Jeremy;Energy;54.35;1002852825
48562457711;Hilton;Consumer Non-Durables;51.08;1002852825
48562457709;Gaven;n/a;18.40;1002852826
48562457707;Edan;Finance;106.51;1002852826
48562457705;Paulo;Consumer Non-Durables;94.50;1002852827
48562457703;Mart;Basic Industries;163.15;1002852827
48562457701;Noam;Energy;179.27;1002852828
48562457699;Anton;Consumer Non-Durables;148.29;1002852828
48562457697;Emmett;Consumer Non-Durables;95.00;1002852829
48562457695;Clive;n/a;165.28;1002852829
48562457693;Lammond;Consumer Services;117.51;1002852830
48562457691;Boigie;Finance;179.77;1002852830
48562457689;Felice;n/a;184.25;1002852831
48562457687;Ashton;n/a;193.72;1002852831
48562457685;Kelby;n/a;89.32;1002852832
48562457683;Ichabod;n/a;88.57;1002852832
48562457681;Ozzy;n/a;9.11;1002852833
48562457679;Cameron;Technology;84.54;1002852833
48562457677;Vinnie;n/a;103.90;1002852834
48562457675;Elvyn;n/a;67.23;1002852834
48562457673;Ragnar;Health Care;99.75;1002852835
48562457671;Padget;Finance;139.28;1002852835
48562457669;Glenden;Consumer Services;57.80;1002852836
48562457667;Ramsey;Finance;36.05;1002852836
48562457665;Reinhold;Capital Goods;73.08;1002852837
48562457663;Alyosha;Transportation;165.73;1002852837
48562457661;Homere;Consumer Non-Durables;104.55;1002852838
48562457659;Brewer;Consumer Services;150.73;1002852838
48562457657;Olin;Finance;106.45;1002852839
48562457655;Tedman;Energy;184.70;1002852839
48562457653;Richmound;Basic Industries;176.94;1002852840
48562457651;Jarrid;n/a;53.26;1002852840
48562457649;Hayward;Public Utilities;186.22;1002852841
48562457647;Stacy;Capital Goods;138.68;1002852841
48562457645;Lorin;Finance;81.90;1002852842
48562457643;Marietta;Technology;58.65;1002852842
48562457641;Frasquito;Public Utilities;149.70;1002852843
48562457639;Abramo;Technology;111.37;1002852843
48562457637;Michel;n/a;159.16;1002852844
48562457635;Curtice;Transportation;187.57;1002852844
48562457633;Skipton;Consumer Services;98.66;1002852845
48562457631;Finlay;Finance;41.88;1002852845
48562457629;Quintin;Technology;113.88;1002852846
48562457627;Garreth;Technology;155.85;1002852846
48562457625;Putnam;Consumer Services;73.59;1002852847
48562457623;Lisle;Consumer Durables;121.71;1002852847
48562457621;Norton;Capital Goods;196.44;1002852848
48562457619;Chadwick;Energy;19.51;1002852848
48562457617;Arnie;Consumer Services;1.89;1002852849
48562457615;Hercules;Finance;125.26;1002852849
48562457613;Manolo;n/a;176.92;1002852850
48562457611;Walton;Health Care;79.25;1002852850
48562457609;Mateo;Consumer Durables;84.30;1002852851
48562457607;Nicolis;Consumer Non-Durables;52.46;1002852851
48562457605;Domenic;n/a;0.30;1002852852
48562457603;Gavan;Health Care;71.76;1002852852
48562457601;Deane;Basic Industries;42.55;1002852853
48562457599;Britt;Energy;15.47;1002852853
48562457597;Miles;Consumer Services;192.32;1002852854
48562457595;Dalis;Finance;129.44;1002852854
48562457593;Johny;n/a;66.04;1002852855
48562457591;Yehudi;Consumer Services;77.97;1002852855
48562457589;Archibald;Health Care;34.28;1002852856
48562457587;Hobart;Miscellaneous;169.77;1002852856
48562457585;Delainey;Health Care;90.30;1002852857
48562457583;Araldo;n/a;84.45;1002852857
48562457581;Arnuad;Consumer Services;2.54;1002852858
48562457579;Christoper;Health Care;122.43;1002852858
48562457577;Brice;n/a;38.04;1002852859
48562457575;Hansiain;Energy;195.85;1002852859
48562457573;Roldan;Consumer Non-Durables;116.97;1002852860
48562457571;Tibold;Finance;100.95;1002852860
48562457569;Cchaddie;Health Care;79.93;1002852861
48562457567;Staford;Health Care;34.10;1002852861
48562457565;Rance;n/a;107.40;1002852862
48562457563;Wadsworth;Finance;20.62;1002852862
48562457561;Georgi;Health Care;79.61;1002852863
48562457559;Sigfrid;Finance;80.51;1002852863
48562457557;Bevon;n/a;123.16;1002852864
48562457555;Edan;Health Care;49.51;1002852864
48562457553;Verney;n/a;175.11;1002852865
48562457551;Ripley;Transportation;196.10;1002852865
48562457549;Dionysus;Technology;175.43;1002852866
48562457547;Beaufort;Consumer Services;93.20;1002852866
48562457545;Godart;Health Care;147.48;1002852867
48562457543;Seumas;Basic Industries;117.25;1002852867
48562457541;Stefano;Finance;148.62;1002852868
48562457539;Kipper;Finance;34.24;1002852868
48562457537;Franny;n/a;14.85;1002852869
48562457535;Kristofor;Health Care;142.49;1002852869
48562457533;Corbet;Basic Industries;129.73;1002852870
48562457531;Theobald;Basic Industries;97.88;1002852870
48562457529;Giustino;Consumer Non-Durables;84.41;1002852871
48562457527;Nicola;n/a;182.64;1002852871
48562457525;Byran;Consumer Durables;124.29;1002852872
48562457523;Kleon;Energy;85.60;1002852872
48562457521;Baird;n/a;30.69;1002852873
48562457519;Price;Miscellaneous;94.62;1002852873
48562457517;Carlie;Technology;84.09;1002852874
48562457515;Brook;Consumer Services;192.33;1002852874
48562457513;Griffin;Finance;141.38;1002852875
48562457511;Elmer;Health Care;57.76;1002852875
48562457509;Taddeusz;n/a;137.86;1002852876
48562457507;Marmaduke;n/a;127.65;1002852876
48562457505;Bert;n/a;53.43;1002852877
48562457503;Waylon;Technology;182.41;1002852877
48562457501;Farlee;n/a;101.02;1002852878
48562457499;Rodrick;Health Care;34.78;1002852878
48562457497;Dev;Public Utilities;21.01;1002852879
48562457495;Odey;n/a;105.26;1002852879
48562457493;Currey;Finance;41.39;1002852880
48562457491;Elmer;Consumer Services;161.61;1002852880
48562457489;Vin;Consumer Services;105.88;1002852881
48562457487;Joe;Consumer Services;66.32;1002852881
48562457485;Taddeo;Health Care;97.11;1002852882
48562457483;Braden;Finance;62.90;1002852882
48562457481;Conney;n/a;162.22;1002852883
48562457479;Forrester;Miscellaneous;191.83;1002852883
48562457477;Kristopher;Consumer Services;81.49;1002852884
48562457475;Ches;Consumer Non-Durables;95.41;1002852884
48562457473;Morey;n/a;39.43;1002852885
48562457471;Branden;Health Care;118.04;1002852885
48562457469;Hurley;Consumer Services;127.21;1002852886
48562457467;Travers;Health Care;185.98;1002852886
48562457465;Roderick;Finance;50.32;1002852887
48562457463;Reuven;Consumer Services;68.96;1002852887
48562457461;Garrett;Finance;129.99;1002852888
48562457459;Warren;Technology;95.39;1002852888
48562457457;Fraser;Capital Goods;139.31;1002852889
48562457455;Jakob;n/a;76.89;1002852889
48562457453;Lazare;n/a;177.30;1002852890
48562457451;Guido;n/a;73.68;1002852890
48562457449;Matteo;Finance;132.15;1002852891
48562457447;Mart;Finance;191.69;1002852891
48562457445;Jefferey;Energy;196.73;1002852892
48562457443;Reamonn;Finance;107.84;1002852892
48562457441;Christian;n/a;194.91;1002852893
48562457439;Wendel;Public Utilities;78.71;1002852893
48562457437;Meier;Finance;156.85;1002852894
48562457435;Stavro;Finance;86.07;1002852894
48562457433;Rene;Health Care;184.83;1002852895
48562457431;Chane;n/a;166.56;1002852895
48562457429;Alexandros;Consumer Durables;44.37;1002852896
48562457427;Nev;Health Care;76.07;1002852896
48562457425;Papageno;n/a;193.71;1002852897
48562457423;Anson;Miscellaneous;58.72;1002852897
48562457421;Jim;Finance;14.58;1002852898
48562457419;Linus;Technology;86.04;1002852898
48562457417;Cullan;n/a;103.94;1002852899
48562457415;Paton;Finance;195.60;1002852899
48562457413;Efrem;n/a;147.17;1002852900
48562457411;Kennith;n/a;115.27;1002852900
48562457409;Andras;Health Care;31.63;1002852901
48562457407;Angie;Basic Industries;192.63;1002852901
48562457405;Ephraim;n/a;131.10;1002852902
48562457403;Gary;Finance;184.04;1002852902
48562457401;Virge;Finance;153.56;1002852903
48562457399;Randell;Capital Goods;0.08;1002852903
48562457397;Bronny;Energy;47.84;1002852904
48562457395;Izzy;Finance;111.81;1002852904
48562457393;Mervin;Public Utilities;102.73;1002852905
48562457391;Skyler;Health Care;56.10;1002852905
48562457389;Hirsch;Capital Goods;71.45;1002852906
48562457387;Emmery;Energy;40.86;1002852906
48562457385;Carlin;Capital Goods;39.76;1002852907
48562457383;Flinn;n/a;127.21;1002852907
48562457381;Pierson;Finance;97.34;1002852908
48562457379;Frazier;Finance;188.25;1002852908
48562457377;Gram;Finance;64.42;1002852909
48562457375;Raimondo;Basic Industries;169.64;1002852909
48562457373;Torr;Energy;88.73;1002852910
48562457371;Alfy;Consumer Services;44.38;1002852910
48562457369;Zeb;Health Care;73.93;1002852911
48562457367;Elmer;Finance;179.21;1002852911
48562457365;Durand;Health Care;91.86;1002852912
48562457363;Raphael;Health Care;175.37;1002852912
48562457361;Victor;n/a;146.64;1002852913
48562457359;Benedicto;n/a;135.05;1002852913
48562457357;Flin;Consumer Services;188.46;1002852914
48562457355;Jone;Health Care;9.69;1002852914
48562457353;Farleigh;Energy;84.61;1002852915
48562457351;Birk;Technology;57.16;1002852915
48562457349;Clevie;Health Care;92.67;1002852916
48562457347;Steven;Technology;191.89;1002852916
48562457345;Freddie;n/a;33.78;1002852917
48562457343;Vlad;n/a;30.62;1002852917
48562457341;Gavan;Consumer Services;95.57;1002852918
48562457339;Nikolaos;n/a;83.88;1002852918
48562457337;Garner;Public Utilities;141.02;1002852919
48562457335;Georgy;Finance;156.61;1002852919
48562457333;Nicolis;n/a;160.30;1002852920
48562457331;Royal;Health Care;109.43;1002852920
48562457329;Bartlett;Consumer Services;176.04;1002852921
48562457327;Mahmud;Consumer Non-Durables;92.91;1002852921
48562457325;Reynard;Finance;178.57;1002852922
48562457323;Barret;n/a;197.87;1002852922
48562457321;Andie;Public Utilities;49.50;1002852923
48562457319;Ignatius;n/a;185.99;1002852923
48562457317;Tobe;n/a;114.66;1002852924
48562457315;Eberhard;Finance;90.74;1002852924
48562457313;Zachary;n/a;137.99;1002852925
48562457311;Lorenzo;Health Care;81.03;1002852925
48562457309;Bendick;Finance;162.45;1002852926
48562457307;Joseito;n/a;11.93;1002852926
48562457305;Karlis;Health Care;195.77;1002852927
48562457303;Cesaro;Health Care;106.71;1002852927
48562457301;Kendell;Capital Goods;19.85;1002852928
48562457299;Robinet;n/a;190.40;1002852928
48562457297;Gerhardt;Public Utilities;172.77;1002852929
48562457295;Nickie;Finance;80.96;1002852929
48562457293;Raoul;Public Utilities;183.98;1002852930
48562457291;Alaster;Technology;77.29;1002852930
48562457289;Roosevelt;Public Utilities;33.00;1002852931
48562457287;Ignacio;n/a;131.84;1002852931
48562457285;Finley;Finance;64.42;1002852932
48562457283;Rufe;Consumer Services;29.13;1002852932
48562457281;Lowell;Capital Goods;16.08;1002852933
48562457279;Kevon;Finance;106.19;1002852933
48562457277;Garrick;Finance;15.02;1002852934
48562457275;Robby;Finance;182.22;1002852934
48562457273;Wayne;Consumer Services;111.34;1002852935
48562457271;Benson;Health Care;110.60;1002852935
48562457269;Isa;n/a;105.08;1002852936
48562457267;Clemente;n/a;65.15;1002852936
48562457265;Crawford;n/a;103.34;1002852937
48562457263;Dallas;Finance;189.01;1002852937
48562457261;Darin;Public Utilities;152.74;1002852938
48562457259;Dugald;Health Care;92.29;1002852938
48562457257;Tanny;Technology;58.99;1002852939
48562457255;Way;Finance;38.99;1002852939
48562457253;Maxim;n/a;168.45;1002852940
48562457251;Alanson;n/a;12.98;1002852940
48562457249;Lem;n/a;12.76;1002852941
48562457247;Orran;Consumer Non-Durables;15.52;1002852941
48562457245;Dud;n/a;21.95;1002852942
48562457243;Antonius;Finance;199.01;1002852942
48562457241;Clemente;n/a;162.73;1002852943
48562457239;Pincus;n/a;95.63;1002852943
48562457237;Esra;Public Utilities;154.08;1002852944
48562457235;Antin;Public Utilities;37.73;1002852944
48562457233;Corbie;n/a;106.75;1002852945
48562457231;Joe;Health Care;133.67;1002852945
48562457229;Baron;Finance;73.01;1002852946
48562457227;Reuven;Technology;157.28;1002852946
48562457225;Kelsey;Capital Goods;146.69;1002852947
48562457223;Irvine;Finance;128.31;1002852947
48562457221;Angelico;n/a;140.10;1002852948
48562457219;Mal;Finance;111.81;1002852948
48562457217;Ingar;n/a;17.54;1002852949
48562457215;Harlin;Public Utilities;148.92;1002852949
48562457213;Ashbey;n/a;195.98;1002852950
48562457211;Claus;Finance;116.80;1002852950
48562457209;Zaccaria;Technology;93.52;1002852951
48562457207;Gabi;Health Care;17.90;1002852951
48562457205;Mohandas;Consumer Services;159.68;1002852952
48562457203;Filippo;n/a;83.79;1002852952
48562457201;Casey;Finance;19.39;1002852953
48562457199;Les;Consumer Services;8.55;1002852953
48562457197;Hadley;Finance;54.84;1002852954
48562457195;Evan;n/a;131.76;1002852954
48562457193;Barrett;Consumer Non-Durables;181.80;1002852955
48562457191;Land;Consumer Non-Durables;193.63;1002852955
48562457189;Boot;Consumer Durables;162.20;1002852956
48562457187;Gan;Consumer Services;121.27;1002852956
48562457185;Brook;Finance;104.81;1002852957
48562457183;Gunar;Miscellaneous;131.26;1002852957
48562457181;Martyn;Public Utilities;170.68;1002852958
48562457179;Robbert;Health Care;90.10;1002852958
48562457177;Wye;Technology;39.34;1002852959
48562457175;Steward;Capital Goods;195.74;1002852959
48562457173;Biron;Consumer Services;56.52;1002852960
48562457171;Mycah;n/a;52.59;1002852960
48562457169;Ferrel;Technology;188.66;1002852961
48562457167;Kevan;Consumer Durables;89.04;1002852961
48562457165;Neel;Finance;32.78;1002852962
48562457163;Kellen;Health Care;61.93;1002852962
48562457161;Geoffrey;Energy;66.03;1002852963
48562457159;Everard;Health Care;2.11;1002852963
48562457157;Alfred;Energy;9.43;1002852964
48562457155;Batholomew;Energy;50.06;1002852964
48562457153;Goober;Health Care;162.11;1002852965
48562457151;Consalve;Consumer Durables;89.42;1002852965
48562457149;Rance;Health Care;186.59;1002852966
48562457147;Giff;n/a;175.00;1002852966
48562457145;Dennie;Energy;92.70;1002852967
48562457143;Timmy;Capital Goods;74.30;1002852967
48562457141;Matty;Technology;187.34;1002852968
48562457139;Wilfrid;Energy;45.70;1002852968
48562457137;Demetre;Finance;29.06;1002852969
48562457135;Haskell;Basic Industries;170.41;1002852969
48562457133;Gustav;Consumer Services;183.61;1002852970
48562457131;Stefano;n/a;12.08;1002852970
48562457129;Esme;Technology;90.90;1002852971
48562457127;Homer;n/a;102.01;1002852971
48562457125;Vito;Finance;13.78;1002852972
48562457123;Alric;Finance;118.69;1002852972
48562457121;Ansell;Technology;121.47;1002852973
48562457119;Keefer;n/a;72.26;1002852973
48562457117;Nealy;Finance;150.56;1002852974
48562457115;Hewett;Finance;149.05;1002852974
48562457113;Christophe;Energy;74.48;1002852975
48562457111;Thoma;Consumer Services;73.34;1002852975
48562457109;Rolland;n/a;122.86;1002852976
48562457107;Shermy;n/a;97.99;1002852976
48562457105;Moises;Finance;120.22;1002852977
48562457103;John;n/a;105.54;1002852977
48562457101;Laurens;Capital Goods;68.14;1002852978
48562457099;Sandor;n/a;190.34;1002852978
48562457097;Amerigo;Consumer Durables;52.05;1002852979
48562457095;Parnell;Technology;194.82;1002852979
48562457093;Ashlin;Finance;95.24;1002852980
48562457091;Bartholomew;Finance;111.69;1002852980
48562457089;Herb;n/a;36.88;1002852981
48562457087;Luther;Finance;1.95;1002852981
48562457085;Rutledge;Technology;134.20;1002852982
48562457083;Justus;Basic Industries;110.62;1002852982
48562457081;Dallas;Technology;178.08;1002852983
48562457079;Niven;Consumer Services;12.88;1002852983
48562457077;Louie;Capital Goods;14.20;1002852984
48562457075;Ryan;Public Utilities;81.73;1002852984
48562457073;Keen;Energy;175.54;1002852985
48562457071;Russell;n/a;176.74;1002852985
48562457069;Boonie;n/a;19.46;1002852986
48562457067;Winny;Finance;122.04;1002852986
48562457065;Hilarius;Basic Industries;155.18;1002852987
48562457063;Peterus;n/a;132.98;1002852987
48562457061;Reuven;n/a;132.02;1002852988
48562457059;Bendicty;Technology;4.61;1002852988
48562457057;Giusto;Consumer Services;79.01;1002852989
48562457055;Alisander;Consumer Services;112.45;1002852989
48562457053;Drew;Capital Goods;92.74;1002852990
48562457051;Welbie;n/a;184.13;1002852990
48562457049;Grant;Technology;181.67;1002852991
48562457047;Moises;Finance;145.52;1002852991
48562457045;Maddie;n/a;154.08;1002852992
48562457043;Hillery;Transportation;10.49;1002852992
48562457041;Kalil;Capital Goods;11.22;1002852993
48562457039;Brendan;Technology;171.99;1002852993
48562457037;Duky;Consumer Services;189.32;1002852994
48562457035;Cob;n/a;182.16;1002852994
48562457033;Ahmed;Miscellaneous;119.52;1002852995
48562457031;Ignace;Health Care;159.33;1002852995
48562457029;Olivier;Health Care;161.20;1002852996
48562457027;Rod;n/a;60.11;1002852996
48562457025;Ambros;Consumer Durables;30.80;1002852997
48562457023;Obie;Consumer Services;49.10;1002852997
48562457021;Berne;Consumer Services;68.53;1002852998
48562457019;Finley;Capital Goods;111.84;1002852998
48562457017;Moss;Consumer Services;16.28;1002852999
48562457015;Frederik;n/a;103.56;1002852999
48562457013;Elmore;Capital Goods;114.14;1002853000
48562457011;Paige;n/a;104.27;1002853000
48562457009;Clemente;Capital Goods;153.65;1002853001
48562457007;Munmro;Consumer Services;123.48;1002853001
48562457005;Karel;Transportation;197.44;1002853002
48562457003;Justen;Health Care;20.52;1002853002
48562457001;Antone;Finance;35.56;1002853003
48562456999;Morse;Capital Goods;151.75;1002853003
48562456997;Kristian;Transportation;132.92;1002853004
48562456995;Spence;Public Utilities;33.48;1002853004
48562456993;Stanwood;Finance;117.66;1002853005
48562456991;Gibby;Technology;109.91;1002853005
48562456989;Bartlett;n/a;193.26;1002853006
48562456987;Pearce;Finance;121.60;1002853006
48562456985;Robb;Health Care;107.99;1002853007
48562456983;Ellsworth;Miscellaneous;104.83;1002853007
48562456981;Fidole;Finance;186.51;1002853008
48562456979;Shepard;Health Care;56.19;1002853008
48562456977;Morrie;Health Care;60.31;1002853009
48562456975;Nehemiah;n/a;125.55;1002853009
48562456973;Mohandas;n/a;57.90;1002853010
48562456971;Micky;Finance;29.61;1002853010
48562456969;Micah;n/a;42.44;1002853011
48562456967;Abram;Capital Goods;38.78;1002853011
48562456965;Conrado;Technology;150.80;1002853012
48562456963;Padraic;Capital Goods;59.23;1002853012
48562456961;Hollis;Capital Goods;41.76;1002853013
48562456959;Ricardo;Health Care;103.25;1002853013
48562456957;Jacky;Health Care;172.02;1002853014
48562456955;Claire;Basic Industries;24.64;1002853014
48562456953;Hamlin;Finance;68.36;1002853015
48562456951;Lewie;Basic Industries;191.88;1002853015
48562456949;Maurizio;Energy;13.89;1002853016
48562456947;Ken;Public Utilities;59.14;1002853016
48562456945;Thatcher;n/a;146.71;1002853017
48562456943;Orran;n/a;29.85;1002853017
48562456941;Cirstoforo;Capital Goods;79.47;1002853018
48562456939;Andreas;Capital Goods;55.07;1002853018
48562456937;Jakob;n/a;155.13;1002853019
48562456935;Pail;n/a;33.54;1002853019
48562456933;Ad;Consumer Services;53.40;1002853020
48562456931;Timotheus;Finance;82.45;1002853020
48562456929;Corbie;Health Care;92.30;1002853021
48562456927;Sylvan;n/a;61.66;1002853021
48562456925;Woodie;n/a;185.12;1002853022
48562456923;Roderigo;Transportation;80.58;1002853022
48562456921;Weber;Miscellaneous;38.10;1002853023
48562456919;Ethe;n/a;31.18;1002853023
48562456917;Bob;Transportation;96.85;1002853024
48562456915;Ashby;Miscellaneous;141.18;1002853024
48562456913;Galvin;Health Care;130.50;1002853025
48562456911;Orin;Basic Industries;15.88;1002853025
48562456909;Norman;Finance;104.89;1002853026
48562456907;Jackson;Technology;10.37;1002853026
48562456905;Ebenezer;Capital Goods;165.25;1002853027
48562456903;Jodie;Basic Industries;53.78;1002853027
48562456901;Waylan;Basic Industries;67.30;1002853028
48562456899;Shelby;Finance;34.54;1002853028
48562456897;Ulrich;Technology;144.18;1002853029
48562456895;Frasquito;Technology;98.28;1002853029
48562456893;Gustavo;n/a;51.79;1002853030
48562456891;Hoyt;Finance;84.90;1002853030
48562456889;Hendrik;n/a;77.02;1002853031
48562456887;Ludvig;n/a;115.63;1002853031
48562456885;Cooper;Capital Goods;93.94;1002853032
48562456883;Kelly;n/a;111.16;1002853032
48562456881;Reg;Technology;90.49;1002853033
48562456879;Porty;Miscellaneous;133.87;1002853033
48562456877;Kippar;Health Care;200.00;1002853034
48562456875;Filberte;Consumer Services;195.74;1002853034
48562456873;Tamas;Technology;166.82;1002853035
48562456871;Nichole;Health Care;3.04;1002853035
48562456869;Malachi;Public Utilities;56.42;1002853036
48562456867;Donalt;Miscellaneous;114.81;1002853036
48562456865;Nils;Finance;127.00;1002853037
48562456863;Rockie;Finance;6.91;1002853037
48562456861;Rutter;Health Care;32.56;1002853038
48562456859;Thomas;Finance;107.11;1002853038
48562456857;Derby;Health Care;128.35;1002853039
48562456855;Giffard;Consumer Services;131.48;1002853039
48562456853;Bartholomeus;Consumer Non-Durables;21.65;1002853040
48562456851;Quincey;n/a;33.30;1002853040
48562456849;Pincus;Capital Goods;193.73;1002853041
48562456847;Duky;Finance;113.51;1002853041
48562456845;Dolph;Consumer Services;116.21;1002853042
48562456843;Raymond;n/a;146.94;1002853042
48562456841;Mylo;Technology;196.74;1002853043
48562456839;Arron;Consumer Services;81.94;1002853043
48562456837;Dolph;Consumer Non-Durables;59.00;1002853044
48562456835;Nate;Basic Industries;137.99;1002853044
48562456833;Orren;Consumer Services;75.59;1002853045
48562456831;Free;n/a;15.70;1002853045
48562456829;Port;Consumer Services;134.76;1002853046
48562456827;Harmon;Health Care;157.46;1002853046
48562456825;Bradan;Public Utilities;5.86;1002853047
48562456823;Clemmie;Finance;38.73;1002853047
48562456821;Sam;Health Care;63.82;1002853048
48562456819;Cullin;Consumer Services;157.81;1002853048
48562456817;Stearne;Consumer Services;67.12;1002853049
48562456815;Pieter;n/a;105.09;1002853049
48562456813;Israel;Finance;158.62;1002853050
48562456811;Sawyer;Health Care;77.56;1002853050
48562456809;Duffie;Health Care;17.50;1002853051
48562456807;Salomon;Consumer Non-Durables;196.65;1002853051
48562456805;Benton;Health Care;138.95;1002853052
48562456803;Nowell;Finance;64.82;1002853052
48562456801;Tait;Consumer Services;150.60;1002853053
48562456799;Ulberto;Technology;0.22;1002853053
48562456797;Jamil;n/a;96.10;1002853054
48562456795;Lazar;n/a;183.36;1002853054
48562456793;Vladimir;Consumer Services;49.09;1002853055
48562456791;Calvin;n/a;182.07;1002853055
48562456789;Edd;Finance;7.35;1002853056
48562456787;Nicola;Consumer Services;107.95;1002853056
48562456785;Lester;n/a;160.25;1002853057
48562456783;Gideon;n/a;148.73;1002853057
48562456781;Udale;Consumer Non-Durables;63.75;1002853058
48562456779;Bradan;Finance;173.26;1002853058
48562456777;Northrop;Consumer Durables;96.49;1002853059
48562456775;Kelby;Technology;93.84;1002853059
48562456773;Niels;n/a;62.47;1002853060
48562456771;Marv;Basic Industries;98.58;1002853060
48562456769;Brand;Consumer Services;159.04;1002853061
48562456767;Corbie;n/a;0.97;1002853061
48562456765;Irvine;Consumer Services;140.68;1002853062
48562456763;Walton;n/a;38.22;1002853062
48562456761;Ezequiel;Technology;25.44;1002853063
48562456759;Virgilio;Consumer Services;6.09;1002853063
48562456757;Mylo;Consumer Services;144.36;1002853064
48562456755;Yorker;Miscellaneous;59.02;1002853064
48562456753;Bucky;Energy;108.85;1002853065
48562456751;Myca;Health Care;64.89;1002853065
48562456749;Prescott;n/a;18.18;1002853066
48562456747;Patrice;Consumer Services;166.91;1002853066
48562456745;Shep;Health Care;23.50;1002853067
48562456743;Sheridan;Finance;4.29;1002853067
48562456741;Nollie;Technology;92.21;1002853068
48562456739;Lemmy;Consumer Services;123.46;1002853068
48562456737;Raimondo;n/a;29.41;1002853069
48562456735;Warren;Finance;125.50;1002853069
48562456733;Michale;n/a;55.94;1002853070
48562456731;Gus;Consumer Non-Durables;33.54;1002853070
48562456729;Kip;n/a;75.84;1002853071
48562456727;Dion;Finance;24.47;1002853071
48562456725;Wilhelm;Finance;52.82;1002853072
48562456723;Holt;n/a;64.70;1002853072
48562456721;Roddy;n/a;15.64;1002853073
48562456719;Elroy;Capital Goods;170.63;1002853073
48562456717;Cobby;Consumer Services;111.09;1002853074
48562456715;Wash;Finance;162.64;1002853074
48562456713;Taite;n/a;39.43;1002853075
48562456711;Hartley;Public Utilities;7.09;1002853075
48562456709;Ashlin;n/a;54.16;1002853076
48562456707;Samuele;Miscellaneous;47.63;1002853076
48562456705;Bear;n/a;75.66;1002853077
48562456703;Jayson;Basic Industries;40.70;1002853077
48562456701;Ricki;Technology;187.23;1002853078
48562456699;Chalmers;Finance;71.67;1002853078
48562456697;Giavani;Consumer Services;86.85;1002853079
48562456695;Che;Consumer Services;99.80;1002853079
48562456693;Giffie;Consumer Services;34.94;1002853080
48562456691;Clerkclaude;Consumer Non-Durables;161.72;1002853080
48562456689;Zedekiah;n/a;101.13;1002853081
48562456687;Alvis;n/a;81.26;1002853081
48562456685;Ave;n/a;62.57;1002853082
48562456683;Camey;Capital Goods;39.12;1002853082
48562456681;Guthry;Consumer Services;33.10;1002853083
48562456679;Douglas;n/a;182.81;1002853083
48562456677;Dennis;n/a;177.82;1002853084
48562456675;Algernon;n/a;99.44;1002853084
48562456673;Paten;n/a;10.07;1002853085
48562456671;Sloan;Finance;62.33;1002853085
48562456669;Isac;Consumer Services;11.20;1002853086
48562456667;Sigismund;n/a;25.67;1002853086
48562456665;Burgess;Consumer Durables;166.01;1002853087
48562456663;Langsdon;Finance;4.34;1002853087
48562456661;Bartie;Finance;126.70;1002853088
48562456659;Drud;Consumer Durables;194.29;1002853088
48562456657;Corbett;Consumer Services;137.45;1002853089
48562456655;Corbett;n/a;85.79;1002853089
48562456653;Marlo;n/a;173.63;1002853090
48562456651;Gery;Consumer Services;14.90;1002853090
48562456649;Tadd;Health Care;6.38;1002853091
48562456647;Brantley;Consumer Services;141.49;1002853091
48562456645;Curcio;Finance;89.75;1002853092
48562456643;Jourdain;Consumer Non-Durables;137.70;1002853092
48562456641;Gale;Finance;53.99;1002853093
48562456639;Bruis;Consumer Non-Durables;92.60;1002853093
48562456637;Calv;n/a;146.14;1002853094
48562456635;Gaultiero;Health Care;20.71;1002853094
48562456633;Dunn;Finance;50.02;1002853095
48562456631;Mort;Public Utilities;45.12;1002853095
48562456629;Sylas;Consumer Services;47.75;1002853096
48562456627;Jacobo;Health Care;198.37;1002853096
48562456625;Pepito;n/a;5.03;1002853097
48562456623;Moore;n/a;75.95;1002853097
48562456621;Ferdie;Miscellaneous;72.91;1002853098
48562456619;Tyrus;Consumer Services;24.75;1002853098
48562456617;Lowrance;n/a;30.28;1002853099
48562456615;Roldan;Miscellaneous;191.36;1002853099
48562456613;Mead;n/a;82.19;1002853100
48562456611;Levy;Technology;188.21;1002853100
48562456609;Sonny;Consumer Services;11.18;1002853101
48562456607;Ozzy;Consumer Services;80.71;1002853101
48562456605;Rocky;Consumer Services;114.82;1002853102
48562456603;Freedman;Basic Industries;6.51;1002853102
48562456601;Kahlil;Technology;93.21;1002853103
48562456599;Thorstein;Public Utilities;168.47;1002853103
48562456597;Thedrick;Health Care;195.70;1002853104
48562456595;Eal;n/a;142.00;1002853104
48562456593;Brody;Consumer Services;138.37;1002853105
48562456591;Robb;n/a;102.58;1002853105
48562456589;Billy;Finance;39.81;1002853106
48562456587;Osmond;Energy;118.38;1002853106
48562456585;Cam;Capital Goods;153.11;1002853107
48562456583;Pierce;Technology;34.66;1002853107
48562456581;Herc;Consumer Services;162.21;1002853108
48562456579;Homerus;Finance;56.23;1002853108
48562456577;Wang;Consumer Services;164.18;1002853109
48562456575;Anson;Technology;121.90;1002853109
48562456573;Montgomery;Public Utilities;5.19;1002853110
48562456571;Hernando;Basic Industries;122.38;1002853110
48562456569;Ozzie;Health Care;107.01;1002853111
48562456567;Dietrich;Health Care;168.13;1002853111
48562456565;Yorker;Finance;12.51;1002853112
48562456563;Gare;Technology;174.21;1002853112
48562456561;Terry;Miscellaneous;28.14;1002853113
48562456559;Davis;Public Utilities;64.44;1002853113
48562456557;Job;Consumer Services;76.59;1002853114
48562456555;Tris;Finance;65.33;1002853114
48562456553;Obie;n/a;60.67;1002853115
48562456551;Taylor;n/a;146.85;1002853115
48562456549;Monro;Technology;138.20;1002853116
48562456547;Onfre;Technology;5.94;1002853116
48562456545;Gavin;Capital Goods;76.50;1002853117
48562456543;Howard;Miscellaneous;99.76;1002853117
48562456541;Wright;Health Care;97.88;1002853118
48562456539;Angelo;n/a;2.64;1002853118
48562456537;Aymer;Technology;39.52;1002853119
48562456535;Creighton;Technology;139.64;1002853119
48562456533;Gustav;n/a;50.86;1002853120
48562456531;Elden;Technology;90.99;1002853120
48562456529;Giorgio;Health Care;146.38;1002853121
48562456527;Mason;Health Care;183.31;1002853121
48562456525;Meryl;Finance;62.92;1002853122
48562456523;Luce;n/a;160.52;1002853122
48562456521;Banky;Health Care;89.48;1002853123
48562456519;Jarrod;Transportation;173.57;1002853123
48562456517;Tybalt;Energy;3.51;1002853124
48562456515;Tristan;n/a;152.54;1002853124
48562456513;Alistair;Basic Industries;55.02;1002853125
48562456511;Wildon;Energy;136.92;1002853125
48562456509;Wright;Consumer Non-Durables;86.30;1002853126
48562456507;Lockwood;Technology;113.13;1002853126
48562456505;Bruis;Consumer Services;137.77;1002853127
48562456503;Ives;Public Utilities;133.31;1002853127
48562456501;Quinn;Consumer Services;62.85;1002853128
48562456499;Ernestus;Technology;174.66;1002853128
48562456497;Ramsay;Basic Industries;112.70;1002853129
48562456495;Giusto;Health Care;128.47;1002853129
48562456493;Parrnell;Health Care;132.25;1002853130
48562456491;Packston;n/a;53.29;1002853130
48562456489;Enos;Technology;46.22;1002853131
48562456487;Ivor;Public Utilities;194.00;1002853131
48562456485;Joshia;Health Care;115.46;1002853132
48562456483;Gasparo;n/a;87.17;1002853132
48562456481;Rollo;Consumer Services;3.39;1002853133
48562456479;Reginald;Consumer Services;11.70;1002853133
48562456477;Zebedee;Public Utilities;97.03;1002853134
48562456475;Ted;Health Care;105.29;1002853134
48562456473;Claudianus;Transportation;82.65;1002853135
48562456471;Clywd;Energy;193.76;1002853135
48562456469;Ibrahim;Technology;21.60;1002853136
48562456467;Fransisco;Energy;3.89;1002853136
48562456465;Garner;n/a;118.16;1002853137
48562456463;Marco;Transportation;189.62;1002853137
48562456461;Sylvan;Health Care;56.99;1002853138
48562456459;Brooks;Basic Industries;70.76;1002853138
48562456457;Marten;Finance;103.17;1002853139
48562456455;Egor;n/a;150.79;1002853139
48562456453;Gerhardt;Consumer Durables;184.52;1002853140
48562456451;Roldan;Finance;157.57;1002853140
48562456449;Lyon;n/a;136.80;1002853141
48562456447;Law;Health Care;175.39;1002853141
48562456445;Avram;n/a;149.50;1002853142
48562456443;Taylor;Technology;31.08;1002853142
48562456441;Moishe;Consumer Services;69.14;1002853143
48562456439;Pepito;Finance;165.12;1002853143
48562456437;Davin;Miscellaneous;124.86;1002853144
48562456435;Mickey;Basic Industries;137.27;1002853144
48562456433;Barr;n/a;164.26;1002853145
48562456431;Dennet;Finance;16.61;1002853145
48562456429;Nappie;Capital Goods;184.86;1002853146
48562456427;Orion;Health Care;29.68;1002853146
48562456425;Ernestus;Capital Goods;47.16;1002853147
48562456423;Darren;Consumer Services;73.02;1002853147
